<?xml version="1.0" encoding="UTF-8"?>
<!DOCTYPE suite SYSTEM "http://testng.org/testng-1.0.dtd">
<suite name="Suite" parallel="none">
	<listeners>
       <listener class-name="automation.listeners.ScreenshotTestListener"/>       
        <listener class-name="automation.listeners.RetryListener" />               
	</listeners>
  <test name="Test">
		<classes>
			<class
				name="automation.tests.allmockon.testsuite.b2c.accepts.MobileTest_11299_AcceptLVANewCustomerSaidTheyWereExistingNotInLoanLimits" >	 					
				</class>
		</classes>
	</test>
  <test name="Test2">
		<classes>
			<class
				name="automation.tests.allmockon.testsuite.b2c.accepts.MobileTestCase_23778_AcceptPaidupCustomerRepricesTerm13Weeks" />
		</classes>
	</test> <!-- Test -->	
</suite> <!-- Suite -->
