<?xml version="1.0" encoding="UTF-8"?>
<!DOCTYPE suite SYSTEM "http://testng.org/testng-1.0.dtd">
<suite name="Suite" parallel="tests" thread-count="10">

	<listeners>
       	<listener class-name="automation.listeners.ScreenshotTestListener"/>
		<listener class-name="automation.listeners.RetryListener" />
		<listener class-name="automation.listeners.LoggingIdListener" />
  </listeners>

  <test name="TestSuite_4247_MobileApiEligibilityTest"><classes><class name="automation.tests.mobile.rest.TestSuite_4247_MobileApiEligibilityTest" /></classes></test>
  <test name="TestSuite_4671_MobileApiFurtherLendingTest"><classes><class name="automation.tests.mobile.rest.TestSuite_4671_MobileApiFurtherLendingTest" /></classes></test>
  <test name="TestSuite_4737_MobileApiMobileConfigurationTest"><classes><class name="automation.tests.mobile.rest.TestSuite_4737_MobileApiMobileConfigurationTest" /></classes></test>
  <test name="TestSuite_4738_MobileApiJourneyLinkTest"><classes><class name="automation.tests.mobile.rest.TestSuite_4738_MobileApiJourneyLinkTest" /></classes></test>
  <test name="TestSuite_4740_MobileApiContentServiceTest"><classes><class name="automation.tests.mobile.rest.TestSuite_4740_MobileApiContentServiceTest" /></classes></test>
  <test name="TestSuite_4741_MobileApiMySatsumaTest"><classes><class name="automation.tests.mobile.rest.TestSuite_4741_MobileApiMySatsumaTest" /></classes></test>
  <test name="TestSuite_4743_MobileApiUpdateContactPrefsTest"><classes><class name="automation.tests.mobile.rest.TestSuite_4743_MobileApiUpdateContactPrefsTest" /></classes></test>
  <test name="TestSuite_4745_MobileApiTokenTest"><classes><class name="automation.tests.mobile.rest.TestSuite_4745_MobileApiTokenTest" /></classes></test>
  <test name="TestSuite_4754_MobileApiCreditScoreTest Part1"><classes><class name="automation.tests.mobile.rest.TestSuite_4754_MobileApiCreditScoreTest" >
  <methods>
  <include name="testCase_mySatsumaDiffCreditCard" />
  <include name="testCase_mySatsumaCreditCard" />
  <include name="testCase_37708_oneActiveOnePaidUpLoansUpMonthlyAgreement" />
  <include name="testCase_31145_twoActiveLoansUpAgreement" />
  <include name="testCase_31145_oneActiveOnePaidUpLoansUpAgreement" />
  </methods>
  </class></classes></test>
  <test name="TestSuite_4754_MobileApiCreditScoreTest Part2"><classes><class name="automation.tests.mobile.rest.TestSuite_4754_MobileApiCreditScoreTest" >
  <methods>
  <include name="testCase_31136_noDateHeader" />
  <include name="testCase_31137_noAppVersionHeader" />
  <include name="testCase_31138_noPlatformHeader" />
  <include name="testCase_31139_invalidPlatformHeader" />
  <include name="testCase_31143_frozenAgreement" />
  <include name="testCase_31143_tempArrangement" />
  <include name="testCase_31144_myAccountAndroid" />
  <include name="testCase_31144_myaccountIOS" />
  <include name="testCase_31152_referredAgreement" />
  <include name="testCase_31293_noToken" />
  <include name="testCase_32702_invalidAppVersionHeader" />
  <include name="testCase_37709_frozenMonthlyAgreement" />
  <include name="testCase_37710_referredMonthlyAgreement" />
  <include name="testCase_37711_monthlyTempArrangement" />
  </methods>
  </class></classes></test>
</suite> <!-- Suite -->
