<?xml version="1.0" encoding="UTF-8"?>
<!DOCTYPE suite SYSTEM "http://testng.org/testng-1.0.dtd">
<suite name="Suite" parallel="none">
	<listeners>
       <listener class-name="automation.listeners.ScreenshotTestListener"/>                       
  </listeners>
  <test name="Test">
        <parameter name="browser" value="chrome" />  
		<classes>
			<class
				name="automation.tests.allmockon.login.loginandregistration.TestCase_RegisterUserFromAgreementNumber" />				
		</classes>
	</test> <!-- Test -->
</suite> <!-- Suite -->
