<?xml version="1.0" encoding="UTF-8"?>
<!DOCTYPE suite SYSTEM "http://testng.org/testng-1.0.dtd">
<suite name="Suite" parallel="tests" thread-count="5">
	<listeners>
       	<listener class-name="automation.listeners.ScreenshotTestListener"/>       
       	<listener class-name="automation.listeners.RetryListener" />
		<listener class-name="automation.listeners.LoggingIdListener" />        
	</listeners>
	
	  <test name="[CallValidate Referral] B2CReferred702PaidUpVulnerableCustomerCallCreditPEPWarning"><classes><class name="automation.tests.sandpiper.mockson.b2c.callvalidate.B2CReferred702PaidUpVulnerableCustomerCallCreditPEPWarning">
	  <methods>
		  <include name="testB2cNbReferralWeekly" />
		  <include name="testB2cNbReferralMonthly" />
	  </methods></class></classes></test>
	  <test name="[CallValidate Referral] B2CReferred704DeceasedWarning"><classes><class name="automation.tests.sandpiper.mockson.b2c.callvalidate.B2CReferred704DeceasedWarning">
	  <methods><include name="testB2cNbReferralWeekly" /><include name="testB2cNbReferralMonthly" /></methods></class></classes></test>
	  <test name="[CallValidate Referral] B2CReferred705DateOfBirthMismatch"><classes><class name="automation.tests.sandpiper.mockson.b2c.callvalidate.B2CReferred705DateOfBirthMismatch">
	  <methods><include name="testB2cNbReferralWeekly" /><include name="testB2cNbReferralMonthly" /></methods></class></classes></test>
	  <test name="[CallValidate Referral] B2CReferred706NewCustomerCallCreditAddressLinksWarning"><classes><class name="automation.tests.sandpiper.mockson.b2c.callvalidate.B2CReferred706NewCustomerCallCreditAddressLinksWarning">
	  <methods><include name="testB2cNbReferralWeekly" /><include name="testB2cNbReferralMonthly" /></methods></class></classes></test>
	  <test name="[CallValidate Referral] B2CReferred707NewCustomerCallCreditSDNWarning"><classes><class name="automation.tests.sandpiper.mockson.b2c.callvalidate.B2CReferred707NewCustomerCallCreditSDNWarning">
	  <methods><include name="testB2cNbReferralWeekly" /><include name="testB2cNbReferralMonthly" /></methods></class></classes></test>
	  <test name="[CallValidate Referral] B2CReferred708NewCustomerCallCreditGRODeceased"><classes><class name="automation.tests.sandpiper.mockson.b2c.callvalidate.B2CReferred708NewCustomerCallCreditGRODeceased">
	  <methods><include name="testB2cNbReferralWeekly" /><include name="testB2cNbReferralMonthly" /></methods></class></classes></test>
	  <test name="[CallValidate Referral] B2CReferred709NewCustomerCallCreditHALOMatch"><classes><class name="automation.tests.sandpiper.mockson.b2c.callvalidate.B2CReferred709NewCustomerCallCreditHALOMatch">
	  <methods><include name="testB2cNbReferralWeekly" /><include name="testB2cNbReferralMonthly" /></methods></class></classes></test>
	  <test name="[CallValidate Referral] B2CReferred710NewCustomerCallCreditSanctionsWarning"><classes><class name="automation.tests.sandpiper.mockson.b2c.callvalidate.B2CReferred710NewCustomerCallCreditSanctionsWarning">
	  <methods><include name="testB2cNbReferralWeekly" /><include name="testB2cNbReferralMonthly" /></methods></class></classes></test>
	  <test name="[CallValidate Referral] B2CReferred750NewCustCallCreditOFAForename"><classes><class name="automation.tests.sandpiper.mockson.b2c.callvalidate.B2CReferred750NewCustCallCreditOFAForename">
	  <methods><include name="testB2cNbReferralWeekly" /><include name="testB2cNbReferralMonthly" /></methods></class></classes></test>
	  <test name="[CallValidate Referral] B2CReferred751NewCustomerCallCreditOFASurname"><classes><class name="automation.tests.sandpiper.mockson.b2c.callvalidate.B2CReferred751NewCustomerCallCreditOFASurname">
	  <methods><include name="testB2cNbReferralWeekly" /><include name="testB2cNbReferralMonthly" /></methods></class></classes></test>
	  <test name="[CallValidate Referral] B2CReferred752NewCustomerCallCreditOFADifferentIndividual"><classes><class name="automation.tests.sandpiper.mockson.b2c.callvalidate.B2CReferred752NewCustomerCallCreditOFADifferentIndividual">
	  <methods><include name="testB2cNbReferralWeekly" /><include name="testB2cNbReferralMonthly" /></methods></class></classes></test>
	  <test name="[CallValidate Referral] B2CReferred901VULPaidUpVulnerableCustomerAtLeast156DaysOld"><classes><class name="automation.tests.sandpiper.mockson.b2c.callvalidate.B2CReferred901VULPaidUpVulnerableCustomerAtLeast156DaysOld">
	  <methods><include name="testB2cNbReferralWeekly" /><include name="testB2cNbReferralMonthly" /></methods></class></classes></test>
	  <test name="[CallValidate Referral] B2CReferred903PayslipExpected"><classes><class name="automation.tests.sandpiper.mockson.b2c.callvalidate.B2CReferred903PayslipExpected">
	  <methods><include name="testB2cNbReferralWeekly" /><include name="testB2cNbReferralMonthly" /></methods></class></classes></test>
	  <test name="[CallValidate Referral] B2CReferred904IncomeVerification"><classes><class name="automation.tests.sandpiper.mockson.b2c.callvalidate.B2CReferred904IncomeVerification">
	  <methods><include name="testB2cNbReferralWeekly" /><include name="testB2cNbReferralMonthly" /></methods></class></classes></test>
	  
	  <test name="[DataWrapper Referral] B2CReferred109Fraud"><classes><class name="automation.tests.sandpiper.mockson.b2c.providentdatawrapper.B2CReferred109Fraud"/>
	  </classes></test>
	  <!--<test name="[DataWrapper Referral] B2CReferred303CIFAsMatch"><classes><class name="automation.tests.sandpiper.mockson.b2c.providentdatawrapper.B2CReferred303CIFAsMatch">-->
	  <!--<methods><include name="testB2cNbReferralWeekly" /><include name="testB2cNbReferralMonthly" /></methods></class></classes></test>-->
	  
	  
	  <test name="[Outbound Referral] TestCase_30832_Outbound_P1_ReferralFraudFRD109"><classes><class name="automation.tests.outboundsales.TestCase_30832_Outbound_P1_ReferralFraudFRD109">
	  </class></classes></test>
	  <test name="[Outbound Referral] TestCase_30833_Outbound_P1_ReferralVulnerable901"><classes><class name="automation.tests.outboundsales.TestCase_30833_Outbound_P1_ReferralVulnerable901">
	  </class></classes></test>	  
	  <test name="[Outbound Referral] TestCase_30835_Outbound_P1_ReferralIncomeVerificationPayslip903"><classes><class name="automation.tests.outboundsales.TestCase_30835_Outbound_P1_ReferralIncomeVerificationPayslip903"></class>
	  </classes></test>
	  	  

	  <test name="[CallValidate Referral] B2CReferral910OFANameMismatchLowAccMatchConf"><classes><class name="automation.tests.sandpiper.mockson.b2c.callvalidate.B2CReferral910OFANameMismatchLowAccMatchConf">
	  <methods><include name="testB2cNbReferralWeekly" /><include name="testB2cNbReferralMonthly" /></methods></class></classes></test>
	  <test name="[CallValidate Referral] B2CReferral905GoneAwayWarning"><classes><class name="automation.tests.sandpiper.mockson.b2c.callvalidate.B2CReferral905GoneAwayWarning">
	  <methods><include name="testB2cNbReferralWeekly" /><include name="testB2cNbReferralMonthly" /></methods></class></classes></test>
	  <test name="[CallValidate Referral] B2CReferral909OFAAddressMismatchLowAccountMatchConfidence"><classes><class name="automation.tests.sandpiper.mockson.b2c.callvalidate.B2CReferral909OFAAddressMismatchLowAccountMatchConfidence">
	  <methods><include name="testB2cNbReferralWeekly" /><include name="testB2cNbReferralMonthly" /></methods></class></classes></test>
	  
	  <test name="[CallValidate Referral] B2CDecline720Referral906ApplicantIsNotVerified"><classes><class name="automation.tests.sandpiper.mockson.b2c.callvalidate.B2CDecline720Referral906ApplicantIsNotVerified">
	  <methods><include name="testB2cLoginReferralWeekly" /><include name="testB2cLoginReferralMonthly" /><include name="testB2cFLReferralWeekly" /><include name="testB2cFLReferralMonthly" /></methods></class></classes></test>
	  
	  
	  <test name="[CallValidate Referral] B2CReferral908DateOfBirthMismatch"><classes><class name="automation.tests.sandpiper.mockson.b2c.callvalidate.B2CReferral908DateOfBirthMismatch">
	  <methods><include name="testB2cNbReferralWeekly" /><include name="testB2cNbReferralMonthly" /></methods></class></classes></test>
	  <test name="[CallValidate Referral] B2CReferral907IncorrectNumberOfPrimaryChecks"><classes><class name="automation.tests.sandpiper.mockson.b2c.callvalidate.B2CReferral907IncorrectNumberOfPrimaryChecks">
	  <methods><include name="testB2cNbReferralWeekly" /><include name="testB2cNbReferralMonthly" /></methods></class></classes></test>	  

</suite> 