<?xml version="1.0" encoding="UTF-8"?>
<!DOCTYPE log4j:configuration SYSTEM "log4j.dtd">

<!-- ===================================================================== -->
<!--                                                                       -->
<!--  This is an example of a Log4j XML configuration file.                -->
<!--                                                                       -->
<!-- ===================================================================== -->

<log4j:configuration xmlns:log4j="http://jakarta.apache.org/log4j/" debug="false">  
   
   <!-- =================== -->
   <!-- Appenders           -->
   <!-- =================== -->

   <appender name="FILE" class="org.apache.log4j.RollingFileAppender">
     <errorHandler class="org.apache.log4j.helpers.OnlyOnceErrorHandler"/>
     <param name="File" value="target/logs/soapui.log"/>
     <param name="Threshold" value="DEBUG"/>
     <param name="Append" value="false"/>
    <param name="MaxFileSize" value="5000KB"/>
     <param name="MaxBackupIndex" value="50"/>
     <layout class="org.apache.log4j.PatternLayout">
       <param name="ConversionPattern" value="%d %-5p [%c{1}] %m%n"/>
     </layout>	    
   </appender>
   
   <appender name="ERRORFILE" class="org.apache.log4j.RollingFileAppender">
     <errorHandler class="org.apache.log4j.helpers.OnlyOnceErrorHandler"/>
     <param name="File" value="target/logs/soapui-errors.log"/>
     <param name="Threshold" value="DEBUG"/>
     <param name="Append" value="true"/>
     <param name="MaxFileSize" value="5000KB"/>
     <param name="MaxBackupIndex" value="50"/>
     <layout class="org.apache.log4j.PatternLayout">
       <param name="ConversionPattern" value="%d %-5p [%c{1}] %m%n"/>
     </layout>	    
   </appender>
      
   <appender name="SOAPUI" class="com.eviware.soapui.support.log.SoapUIAppender">
      <errorHandler class="org.apache.log4j.helpers.OnlyOnceErrorHandler"/>
   </appender>
   
	<appender name="GLOBAL_GROOVY_LOG" class="org.apache.log4j.FileAppender">
      <errorHandler class="org.apache.log4j.helpers.OnlyOnceErrorHandler"/>
     <param name="File" value="target/logs/global-groovy.log"/>
     <param name="Threshold" value="DEBUG"/>
     <param name="Append" value="true"/>
 <!-- <param name="MaxFileSize" value="5000KB"/>
     <param name="MaxBackupIndex" value="50"/> -->
     <layout class="org.apache.log4j.PatternLayout">
       <param name="ConversionPattern" value="%d %-5p [%c{1}] %m%n"/>
     </layout>      
   </appender>

   <logger name="groovy.log">
     <level value="DEBUG" />
    <appender-ref ref="GLOBAL_GROOVY_LOG" />
   </logger>   
   <!-- =============== -->
   <!-- Loggers         -->
   <!-- =============== -->
   
   <logger name="com.eviware.soapui">
     <level value="DEBUG" />
     <appender-ref ref="SOAPUI"/>
   </logger>
   
   <logger name="soapui.errorlog">
     <level value="DEBUG" />
 	 <appender-ref ref="ERRORFILE"/> 
   </logger>
   
   <logger name="org.apache.commons.httpclient">
   	  <level value="ERROR"/>
   </logger>
   
   <logger name="com.eviware.soapui.impl.wsdl.support.http.SoapUIMultiThreadedHttpConnectionManager">
   		<level value="ERROR"/>
   	  <appender-ref ref="ERRORFILE"/>  
   </logger>
   
   <logger name="com.eviware.soapui.impl.wsdl.WsdlSubmit">
     <level value="ERROR" />
	 <appender-ref ref="ERRORFILE"/>
   </logger>
   
   <root>
  	  <priority value="DEBUG" />
  	  <appender-ref ref="FILE"/> 
   </root>
   
</log4j:configuration>
