<?xml version="1.0" encoding="UTF-8"?>
<!DOCTYPE suite SYSTEM "http://testng.org/testng-1.0.dtd">
<suite name="Suite" parallel="tests"  thread-count="1">
	<listeners>
       <listener class-name="automation.listeners.ScreenshotTestListener"/>       
  </listeners>  
  <test name="Test">
    <classes>
      <class name="automation.tests.allmockon.testsuite.b2c.accepts.TestCase_11300_AcceptLVAExistingCustomerWantedMoreThanMax"/>
      <class name="automation.tests.allmockon.testsuite.b2c.declines.TestCase_11317_DeclineABUDCustomerHasPendingReferredApplication"/>
      <class name="automation.tests.allmockon.testsuite.b2c.accepts.TestCase_23897_AcceptActiveCustomerRepricesTerm43Weeks"/>
      <class name="identifyservice.mock.off.testsuite.b2c.referrals.TestCase_11352_ReferredFRD706NewCustomerCallCreditAddressLinksWarning"/>
      <class name="identityservicecallcredit.mock.off.testsuite.b2c.referrals.TestCase_11360_ReferredFRD750NewCustomerCallCreditOFAForename"/>
      <class name="automation.tests.allmockon.testsuite.b2c.referrals.TestCase_11378_ReferredIVCIncomeVerificationCustomerPayslipNotExpected"/>
      <class name="automation.tests.allmockon.testsuite.b2c.declines.TestCase_16569_DeclineActiveCustomerInArrears"/>
      <class name="automation.tests.allmockon.testsuite.b2c.referrals.TestCase_11346_ReferredVULPaidUpVulnerableCustomerIncomeVerification"/>
      <class name="identifyservice.mock.off.testsuite.b2c.referrals.TestCase_11359_ReferredFRD704NewCustomerCallCreditDeceasedWarningIsSet"/>
      <class name="automation.tests.allmockon.testsuite.b2c.accepts.TestCase_23898_AcceptActiveCustomerRepricesTerm47Weeks"/>
      <class name="experian.mock.off.testsuite.b2c.accepts.TestCase_25632_AcceptQUONewCustomerStandardScoreDownSell"/>
      <class name="automation.tests.allmockon.testsuite.b2c.referrals.TestCase_13859_ReferredFRDActiveCustomerFraudIncomeVerification"/>
      <class name="experian.mock.off.testsuite.b2c.declines.TestCase_11285_DeclineHCROnBureauCall205TimeSinceMostRecentCCJDetected"/>
      <class name="callcredit.mock.off.testsuite.b2c.declines.TestCase_11292_DeclineHCROnCallCredit403BankAccountClosed"/>
      <class name="identityservicecallcredit.mock.off.testsuite.b2c.referrals.TestCase_11361_ReferredFRD751NewCustomerCallCreditOFASurname"/>
      <class name="automation.tests.allmockon.testsuite.b2c.declines.TestCase_11324_DeclineFINDPreBureauCall108CustomerExposureExceeded"/>
      <class name="automation.tests.allmockon.testsuite.b2c.accepts.TestCase_23886_AcceptActiveCustomerRepricesTerm17Weeks"/>
      <class name="experian.mock.off.testsuite.b2c.accepts.TestCase_11336_AcceptNewCustomerNotReferred"/>
      <class name="automation.tests.allmockon.testsuite.b2c.referrals.TestCase_11332_ReferredVULPaidUpVulnerableCustomerFraudAtLeast156DaysOld"/>
      <class name="experian.mock.off.testsuite.b2c.declines.TestCase_11286_DeclineHCR801PostBureauScoreIsTooLow"/>
      <class name="automation.tests.allmockon.testsuite.b2c.validation.TestCase_13949_PageValidationYourFinances"/>
      <class name="automation.tests.allmockon.testsuite.b2c.validation.TestCase_13957_PageValidationHomeCredit"/>
      <class name="automation.tests.allmockon.testsuite.b2c.validation.TestCase_13948_PageValidationAboutYou"/>
      <class name="automation.tests.allmockon.testsuite.b2c.declines.TestCase_11318_DeclineABUDCustomerHasActiveLoanNot50PcntPaidUp"/>
      <class name="automation.tests.allmockon.testsuite.b2c.accepts.TestCase_23510_AcceptNewCustomerRepricesTerm13Weeks"/>
      <class name="automation.tests.allmockon.testsuite.b2c.referrals.TestCase_11362_ReferredFRD752NewCustomerCallCreditOFADifferentIndividual"/>
      <class name="automation.tests.allmockon.testsuite.b2c.accepts.TestCase_11303_AcceptCAUExistingCustomerNoAgreementEnteredPage1"/>
      <class name="automation.tests.allmockon.testsuite.b2c.declines.TestCase_11325_DeclineHCR207DMPRulePostBureauReject"/>
      <class name="automation.tests.allmockon.testsuite.b2c.accepts.TestCase_23557_AcceptNewCustomerRepricesTerm30Weeks"/>
      <class name="automation.tests.allmockon.testsuite.b2c.referrals.TestCase_13857_ReferredVULActiveVulnerableCustomerFraudIncomeVerification"/>
      <class name="automation.tests.allmockon.testsuite.b2c.declines.TestCase_13852_DeclineHCRWorldPayAVSFailure"/>
      <class name="automation.tests.allmockon.testsuite.b2c.accepts.TestCase_23439_AcceptLVAActiveCustomerExposureExceeedBalance500"/>
      <class name="identifyservice.mock.off.testsuite.b2c.referrals.TestCase_11350_ReferredFRD301NewCustomerDuplicateIPAddressFound"/>
      <class name="experian.mock.off.testsuite.b2c.accepts.TestCase_16572_AcceptActiveCustomerHasPaidUp2ndLoanNotReferred"/>
      <class name="automation.tests.allmockon.testsuite.b2c.declines.TestCase_11316_DeclineABUDCustomerHasRecentlyBeenRejected"/>
      <class name="experian.mock.off.testsuite.b2c.accepts.TestCase_16566_AcceptActiveCustomerHasPaidUp1stLoanNotReferred"/>
      <class name="experian.mock.off.testsuite.b2c.accepts.TestCase_11342_AcceptPaidUpVulnerableCustomerNotReferred"/>
      <class name="automation.tests.allmockon.testsuite.b2c.referrals.TestCase_11345_ReferredVULPaidUpVulnerableCustomerFraudIncomeVerification"/>
      <class name="automation.tests.allmockon.testsuite.b2c.declines.TestCase_16568_DeclineActiveCustomerInTemporaryArrangement"/>
      <class name="automation.tests.allmockon.testsuite.b2c.referrals.TestCase_13858_ReferredIVCActiveLoanCustomerIncomeVerificationPayslipExpected"/>
      <class name="automation.tests.allmockon.testsuite.b2c.accepts.TestCase_23770_AcceptNewCustomerRepricesTerm47Weeks"/>
      <class name="experian.mock.off.testsuite.b2c.accepts.TestCase_16565_AcceptActiveCustomerNotReferred"/>
      <class name="automation.tests.allmockon.testsuite.b2c.accepts.TestCase_13884_AcceptLVAExistingCustomerWithinLoanLimits"/>
      <class name="automation.tests.allmockon.testsuite.b2c.declines.TestCase_13848_DeclineABUDCustomerHasFrozenAgreement"/>
      <class name="automation.tests.allmockon.testsuite.b2c.validation.TestCase_13951_PageValidationBankDetails"/>
      <class name="automation.tests.allmockon.testsuite.b2c.accepts.TestCase_23888_AcceptActiveCustomerRepricesTerm21Weeks"/>
      <class name="automation.tests.allmockon.testsuite.b2c.accepts.TestCase_23559_AcceptNewCustomerRepricesTerm34Weeks"/>
      <class name="automation.tests.allmockon.testsuite.b2c.declines.TestCase_13854_DeclineHCRWorldPayAcquirerErrorResponse"/>
      <class name="identifyservice.mock.off.testsuite.b2c.referrals.TestCase_11358_ReferredFRD702NewCustomerCallCreditPEPWarningIsSet"/>
      <class name="automation.tests.allmockon.testsuite.b2c.accepts.TestCase_23771_AcceptNewCustomerRepricesTerm52Weeks"/>
      <class name="automation.tests.allmockon.testsuite.b2c.referrals.TestCase_13855_ReferredVULActiveVulnerableCustomerFraud"/>
      <class name="experian.mock.off.testsuite.b2c.accepts.TestCase_11326_AcceptQUONewCustomerNPRTDownSell"/>
      <class name="identifyservice.mock.off.testsuite.b2c.referrals.TestCase_11354_ReferredFRD708NewCustomerCallCreditGRODeceased"/>
      <class name="automation.tests.allmockon.testsuite.b2c.referrals.TestCase_19158_ReferredFRD601NewCustomerReattemptMobileMatchedPostCodeNotMatched"/>
      <class name="automation.tests.allmockon.testsuite.b2c.referrals.TestCase_11347_ReferredFRDPaidUpCustomerFraudIncomeVerification"/>
      <class name="automation.tests.allmockon.testsuite.b2c.accepts.TestCase_23769_AcceptNewCustomerRepricesTerm43Weeks"/>
      <class name="automation.tests.allmockon.testsuite.b2c.declines.TestCase_11293_DeclineHCROnCallCredit405OFAAddressMismatchLowAccountMatchConfidence"/>
      <class name="experian.mock.off.testsuite.b2c.declines.TestCase_19209_DeclineFINDOnBureauCall208CreditSearchFailureFootPrintLeft"/>
      <class name="identifyservice.mock.off.testsuite.b2c.referrals.TestCase_11357_ReferredFRD711NewCustomerCallCreditDirector"/>
      <class name="automation.tests.allmockon.testsuite.b2c.accepts.TestCase_23550_AcceptNewCustomerRepricesTerm21Weeks"/>
      <class name="automation.tests.allmockon.testsuite.b2c.validation.TestCase_13945_PageValidationHome"/>
      <class name="identifyservice.mock.off.testsuite.b2c.referrals.TestCase_11356_ReferredFRD710NewCustomerCallCreditSanctionsWarning"/>
      <class name="automation.tests.allmockon.testsuite.b2c.accepts.TestCase_23555_AcceptNewCustomerRepricesTerm26Weeks"/>
      <class name="callcredit.mock.off.testsuite.b2c.declines.TestCase_11289_DeclineHCROnCallCredit721IncorrectNumberOfPrimaryChecks"/>
      <class name="experian.mock.off.testsuite.b2c.accepts.TestCase_25654_AcceptQUONewCustomerStandardScoreNoDownSell"/>
      <class name="callcredit.mock.off.testsuite.b2c.declines.TestCase_11290_DeclineHCROnCallCredit722DateOfBirthMismatch"/>
      <class name="automation.tests.allmockon.testsuite.b2c.accepts.TestCase_23894_AcceptActiveCustomerRepricesTerm39Weeks"/>
      <class name="automation.tests.allmockon.testsuite.b2c.declines.TestCase_11280_DeclineHCRSystemFailurePanErrorMoreThanOneMatchingPersonFound"/>
      <class name="automation.tests.allmockon.testsuite.b2c.referrals.TestCase_11338_ReferredVULPaidUpVulnerableCustomerIncomeVerificationAtLeast156DaysOld"/>
      <class name="experian.mock.off.testsuite.b2c.accepts.TestCase_19635_AcceptNewCustomerNotReferredLessThan3YearsAtCurrentAddress"/>
      <class name="automation.tests.allmockon.testsuite.b2c.referrals.TestCase_11379_ReferredIVCIncomeVerificationRequiredCustomerOnBenefits"/>
      <class name="automation.tests.allmockon.testsuite.b2c.declines.TestCase_11320_DeclineActiveCustomerMaxConcurrentLoanLimitReached"/>
      <class name="automation.tests.allmockon.testsuite.b2c.referrals.TestCase_11348_ReferredIVCPaidUpCustomerIncomeVerificationPayslipExpected"/>
      <class name="automation.tests.allmockon.testsuite.b2c.accepts.TestCase_23440_AcceptLVAActiveCustomerExposureExceeedBalance1000"/>
      <class name="experian.mock.off.testsuite.b2c.declines.TestCase_11281_DeclineFINDOnBureauCall201LatestCreditSearchFailure"/>
      <class name="experian.mock.off.testsuite.b2c.declines.TestCase_11284_DeclineHCROnBureauCall204WorstStatusInLast6MonthsDetected"/>
      <class name="automation.tests.allmockon.testsuite.b2c.accepts.TestCase_11330_AcceptNewCustomerLegalDocumentInvalidSignatureRetry"/>
      <class name="callcredit.mock.off.testsuite.b2c.declines.TestCase_11298_DeclineHCROnCallCredit3TimesInvalidBankDetailsEntered"/>
      <class name="automation.tests.allmockon.testsuite.b2c.declines.TestCase_11297_DeclineHCRWorldPayPaymentRefused"/>
      <class name="all.mock.on.AllMocksOnTest"/>
      <class name="sampleTests.TestCase_11299_AcceptLVANewCustomerSaidTheyWereExistingNotInLoanLimits"/>
      <class name="automation.tests.allmockon.testsuite.b2c.accepts.TestCase_23563_AcceptNewCustomerRepricesTerm39Weeks"/>
      <class name="identifyservice.mock.off.testsuite.b2c.referrals.TestCase_11355_ReferredFRD709NewCustomerCallCreditHALOMatch"/>
      <class name="automation.tests.allmockon.testsuite.b2c.declines.TestCase_11295_DeclineHCROnCallCredit407OFAGenericDecline"/>
      <class name="automation.tests.allmockon.testsuite.b2c.accepts.TestCase_23778_AcceptPaidupCustomerRepricesTerm13Weeks"/>
      <class name="automation.tests.allmockon.testsuite.b2c.referrals.TestCase_11340_ReferredIVCNewCustomerIncomeVerificationPayslipExpected"/>
      <class name="automation.tests.allmockon.testsuite.b2c.accepts.TestCase_23899_AcceptActiveCustomerRepricesTerm52Weeks"/>
      <class name="automation.tests.allmockon.testsuite.b2c.declines.TestCase_11305_DeclineCAUDInvalidAgreementEntered3Times"/>
      <class name="identifyservice.mock.off.testsuite.b2c.referrals.TestCase_11351_ReferredFRD705NewCustomerCallCreditDateOfBirth"/>
      <class name="automation.tests.allmockon.testsuite.b2c.accepts.TestCase_11324_AcceptLVAExistingCustomerExposureExceeded"/>
      <class name="automation.tests.allmockon.testsuite.b2c.accepts.TestCase_11301_AcceptLVAExistingCustomerSaidTheyWereNew"/>
      <class name="callcredit.mock.off.testsuite.b2c.declines.TestCase_11287_DeclineHCROnCallCredit703GoneAwayWarning"/>
      <class name="automation.tests.allmockon.testsuite.b2c.declines.TestCase_15820_DeclineHCRCustomerCancelledAtWorldPay"/>
      <class name="automation.tests.allmockon.testsuite.b2c.accepts.TestCase_11304_AcceptCAUExistingCustomerInvalidAgreementNoPage1"/>
      <class name="callcredit.mock.off.testsuite.b2c.declines.TestCase_11288_DeclineHCROnCallCredit720ApplicantIsNotVerified"/>
      <class name="automation.tests.allmockon.testsuite.b2c.validation.TestCase_13953_PageValidationCreditAgreement"/>
      <class name="experian.mock.off.testsuite.b2c.accepts.TestCase_11327_AcceptQUONewCustomerNPRTNoDownSell"/>
      <class name="identifyservice.mock.off.testsuite.b2c.referrals.TestCase_11349_ReferredFRD109NewCustomerApplicantFoundOnTheFraudExclusionList"/>
      <class name="automation.tests.allmockon.testsuite.b2c.accepts.TestCase_23883_AcceptActiveCustomerRepricesTerm13Weeks"/>
      <class name="automation.tests.allmockon.testsuite.b2c.referrals.TestCase_11377_ReferredIVCIncomeVerificationCustomerPayslipExpected"/>
      <class name="automation.tests.allmockon.testsuite.b2c.accepts.TestCase_23538_AcceptNewCustomerRepricesTerm17Weeks"/>
      <class name="automation.tests.allmockon.testsuite.b2c.referrals.TestCase_11343_ReferredFRD704PaidUpCustomerCallcreditDeceasedWarning"/>
      <class name="experian.mock.off.testsuite.b2c.accepts.TestCase_11344_AcceptPaidUpCustomerNotReferred"/>
      <class name="automation.tests.allmockon.testsuite.b2c.declines.TestCase_13853_DeclineHCRWorldPayCVCFailure"/>
      <class name="automation.tests.allmockon.testsuite.b2c.accepts.TestCase_11299_AcceptLVANewCustomerSaidTheyWereExistingNotInLoanLimits"/>
      <class name="automation.tests.allmockon.testsuite.b2c.declines.TestCase_11321_DeclineFINDPreBureauCall100ExistingHomeCreditCustomer"/>
      <class name="experian.mock.off.testsuite.b2c.declines.TestCase_11282_DeclineHCROnBureauCall202BankruptcyDetected"/>
      <class name="automation.tests.allmockon.testsuite.b2c.declines.TestCase_11283_DeclineHCROnBureauCall203IVADetected"/>
      <class name="automation.tests.allmockon.testsuite.b2c.referrals.TestCase_11337_ReferredVULPaidUpVulnerableCustomerFraudIncomeVerificationAtLeast156DaysOld"/>
      <class name="automation.tests.allmockon.testsuite.b2c.accepts.TestCase_23893_AcceptActiveCustomerRepricesTerm34Weeks"/>
      <class name="automation.tests.allmockon.testsuite.b2c.accepts.TestCase_23892_AcceptActiveCustomerRepricesTerm30Weeks"/>
      <class name="automation.tests.allmockon.testsuite.b2c.accepts.TestCase_24351_AcceptLVAExistingCustomerWantsLoanLimit"/>
      <class name="automation.tests.allmockon.testsuite.b2c.referrals.TestCase_19181_ReferredFRD601ActiveCustomerMobileNotMatchedPostCodeMatched"/>
      <class name="identifyservice.mock.off.testsuite.b2c.referrals.TestCase_11353_ReferredFRD707NewCustomerCallCreditSDNWarning"/>
      <class name="automation.tests.allmockon.testsuite.b2c.referrals.TestCase_11341_ReferredFRD702PaidUpVulnerableCustomerCallCreditPEPWarning"/>
      <class name="automation.tests.allmockon.testsuite.b2c.referrals.TestCase_11333_ReferredVULPaidUpVulnerableCustomerAtLeast156DaysOld"/>
      <class name="automation.tests.allmockon.testsuite.b2c.accepts.TestCase_23889_AcceptActiveCustomerRepricesTerm26Weeks"/>
      <class name="sampleTests.TestCase_11300_AcceptLVAExistingCustomerWantedMoreThanMax"/>
      <class name="automation.tests.allmockon.testsuite.b2c.referrals.TestCase_11339_ReferredFRDNewCustomerFraudIncomeVerification"/>
      <class name="callcredit.mock.off.testsuite.b2c.declines.TestCase_11294_DeclineHCROnCallCredit406OFANameMismatchLowAccountMatchConfidence"/>
      <class name="automation.tests.allmockon.testsuite.b2c.declines.TestCase_11322_DeclineFINDPreBureauCall102ExternalLendingDecisionFailure"/>
      <class name="automation.tests.allmockon.testsuite.b2c.declines.TestCase_11291_DeclineHCROnCallCredit401BankEnhancedFailure"/>
    </classes>
  </test> <!-- Test -->
</suite> <!-- Suite -->
