<?xml version="1.0" encoding="UTF-8"?>
<!DOCTYPE suite SYSTEM "http://testng.org/testng-1.0.dtd">
<suite name="Suite" parallel="tests" thread-count="4">
	<listeners>
       	<listener class-name="automation.listeners.ScreenshotTestListener"/>       
       	 <listener class-name="automation.listeners.RetryListener" />  
		<listener class-name="automation.listeners.LoggingIdListener" />        
	</listeners>
	 <parameter name="browser" value="chrome" />
	  <test name="[Obs Referral 702] FL">
		<classes>
			<class name="automation.tests.outboundsales.ObsReferral702PepWarning"/>
		</classes>
	  </test>
	  <test name="[Obs Referral 706] New">
		<classes>
			<class name="automation.tests.outboundsales.ObsReferral706AddressLinksWarning"/>
		</classes>
	  </test>
	  <test name="[Obs Referral 707] Login">
		<classes>
			<class name="automation.tests.outboundsales.ObsReferral707SDNWarning"/>
		</classes>
	  </test>	  
	  <test name="[Obs Referral 708] FL">
		<classes>
			<class name="automation.tests.outboundsales.ObsReferral708GroDeceased"/>
		</classes>
	  </test>
	  <test name="[Obs Referral 720] New">
		<classes>
			<class name="automation.tests.outboundsales.ObsDecline720ApplicantIsNotVerified"/>
		</classes>
	  </test>
	  <test name="[Obs Referral 722 / 908] FL">
		<classes>
			<class name="automation.tests.outboundsales.ObsReferral722Or908DobMismatch"/>
		</classes>
	  </test>	 
	  <test name="[Obs Referral 907] New">
		<classes>
			<class name="automation.tests.outboundsales.ObsReferral907IncorrectNumPrimaryChecks"/>
		</classes>
	  </test>
	  <test name="[Obs Referral 407] Login">
		<classes>
			<class name="automation.tests.outboundsales.ObsDecline407OFAGenericReferral"/>
		</classes>
	  </test>
	  <test name="[Obs Referral 909] Login">
		<classes>
			<class name="automation.tests.outboundsales.ObsReferral405And909OfaAddrMismatchAndLowConf"/>
		</classes>
	  </test>	  
	  
	  <test name="[Obs Decline 204 Worst Current Status] New">
		<classes>
			<class name="automation.tests.outboundsales.ObsDecline204WorstCurrentStatus"/>
		</classes>
	  </test>
	  <test name="[Obs Referral 204 Time Since Most Recent Default] Login">
		<classes>
			<class name="automation.tests.outboundsales.ObsDecline204TimeSinceMostRecentDefault"/>
		</classes>
	  </test>
	  <test name="[Obs Referral 205] FL">
		<classes>
			<class name="automation.tests.outboundsales.ObsDecline205TimeSinceMostRecentCCJ"/>
		</classes>
	  </test>	  
	  <!--<test name="[Obs Referral 303] New">-->
		<!--<classes>-->
			<!--<class name="automation.tests.outboundsales.ObsReferral303CIFAs"/>-->
		<!--</classes>-->
	  <!--</test>	  -->
	  <test name="[Obs Referral 107 CF] New / FL">
		<classes>
			<class name="automation.tests.outboundsales.ObsDecline107OfferService">
				<methods>
					<include name="ObsNbWeeklySXRecentDecline" />
				</methods>
			</class>
		</classes>
	  </test>
	  <test name="[Obs Referral 107 SX] New / FL">
		<classes>
			<class name="automation.tests.outboundsales.ObsDecline107OfferService">
				<methods>
					<include name="ObsFLWeeklyDeclineCFFraud" />
				</methods>
			</class>
		</classes>
	  </test>
</suite> 