<?xml version="1.0" encoding="UTF-8"?>
<!DOCTYPE suite SYSTEM "http://testng.org/testng-1.0.dtd">
<suite name="Suite" parallel="tests" thread-count="4">
	<listeners>
       	<listener class-name="automation.listeners.ScreenshotTestListener"/>       
       	 <listener class-name="automation.listeners.RetryListener" />  
		<listener class-name="automation.listeners.LoggingIdListener" />        
	</listeners>
	  <test name="[B2C Decline 401] New">
	  	<classes>
	  		<class name="automation.tests.sandpiper.mockson.b2c.callvalidate.B2CDecline401BankEnhancedFailure">
	  			<methods><include name="testB2cNbDeclineWeekly" /></methods>
	  		</class>
	  	</classes>
	  </test>
	  <test name="[B2C Decline 403] FL">
	  	<classes>
	  		<class name="automation.tests.sandpiper.mockson.b2c.callvalidate.B2CDecline403BankAccountClosed">
	  			<methods><include name="testB2cFlDeclineWeekly" /></methods>
	  		</class>
	  	</classes>
	  </test>
	  <test name="[B2C Referral 704] FL">
	  	<classes>
	  		<class name="automation.tests.sandpiper.mockson.b2c.callvalidate.B2CReferred704DeceasedWarning">
	  			<methods><include name="testB2cFLReferralWeekly" /></methods>
	  		</class>
	  	</classes>[B2C Referral 705] Login
	  </test>	  
	  <!--<test name="[B2C Referral 705] Login">-->
	  	<!--<classes>-->
	  		<!--<class name="automation.tests.sandpiper.mockson.b2c.callvalidate.B2CReferred705DateOfBirthMismatch">-->
	  			<!--<methods><include name="testB2cLoginReferralWeekly" /></methods>-->
	  		<!--</class>-->
	  	<!--</classes>-->
	  <!--</test>-->
	  <test name="[B2C Referral 709] New">
	  	<classes>
	  		<class name="automation.tests.sandpiper.mockson.b2c.callvalidate.B2CReferred709NewCustomerCallCreditHALOMatch">
	  			<methods><include name="testB2cNbReferralWeekly" /></methods>
	  		</class>
	  	</classes>
	  </test>
	  <test name="[B2C Referral 710] FL">
	  	<classes>
	  		<class name="automation.tests.sandpiper.mockson.b2c.callvalidate.B2CReferred710NewCustomerCallCreditSanctionsWarning">
	  			<methods><include name="testB2cFLReferralWeekly" /></methods>
	  		</class>
	  	</classes>
	  </test>
	  <test name="[B2C Referral 711] FL">
	  	<classes>
	  		<class name="automation.tests.sandpiper.mockson.b2c.callvalidate.B2CReferred711NewCustomerCallCreditDirector">
	  			<methods><include name="testB2cFLReferralWeekly" /></methods>
	  		</class>
	  	</classes>
	  </test>
	  <test name="[B2C Referral 750] New">
	  	<classes>
	  		<class name="automation.tests.sandpiper.mockson.b2c.callvalidate.B2CReferred750NewCustCallCreditOFAForename">
	  			<methods><include name="testB2cNbReferralWeekly" /></methods>
	  		</class>
	  	</classes>
	  </test>
	  <test name="[B2C Referral 751] FL">
	  	<classes>
	  		<class name="automation.tests.sandpiper.mockson.b2c.callvalidate.B2CReferred751NewCustomerCallCreditOFASurname">
	  			<methods><include name="testB2cFLReferralWeekly" /></methods>
	  		</class>
	  	</classes>
	  </test>	  
	  <test name="[B2C Referral 752] Login">
	  	<classes>
	  		<class name="automation.tests.sandpiper.mockson.b2c.callvalidate.B2CReferred752NewCustomerCallCreditOFADifferentIndividual">
	  			<methods><include name="testB2cLoginReferralWeekly" /></methods>
	  		</class>
	  	</classes>
	  </test>
	  <test name="[B2C Referral 905] New">
	  	<classes>
	  		<class name="automation.tests.sandpiper.mockson.b2c.callvalidate.B2CReferral905GoneAwayWarning">
	  			<methods><include name="testB2cNbReferralWeekly" /></methods>
	  		</class>
	  	</classes>
	  </test>
	  <test name="[B2C Referral 906] Login">
	  	<classes>
	  		<class name="automation.tests.sandpiper.mockson.b2c.callvalidate.B2CDecline720Referral906ApplicantIsNotVerified">
	  			<methods><include name="testB2cLoginReferralWeekly" /></methods>
	  		</class>
	  	</classes>
	  </test>	  
	  <test name="[B2C Decline 201] New">
	  	<classes>
	  		<class name="automation.tests.sandpiper.mockson.b2c.experian.B2CDecline201LatestCreditSearchFailure">
	  			<methods><include name="testB2cNbDeclineWeekly" /></methods>
	  		</class>
	  	</classes>
	  </test>
	  <test name="[B2C Decline 202] New">
	  	<classes>
	  		<class name="automation.tests.sandpiper.mockson.b2c.experian.B2CDecline202Bankruptcy">
	  			<methods><include name="testB2cFlDeclineWeekly" /></methods>
	  		</class>
	  	</classes>
	  </test>
	  <test name="[B2C Decline 203] Login">
	  	<classes>
	  		<class name="automation.tests.sandpiper.mockson.b2c.experian.B2CDecline203IVADetected">
	  			<methods><include name="testB2cLoginDeclineWeekly" /></methods>
	  		</class>
	  	</classes>
	  </test>	  
	  <test name="[B2C Decline 207] New">
	  	<classes>
	  		<class name="automation.tests.sandpiper.mockson.b2c.experian.B2CDecline207DMP">
	  			<methods><include name="testB2cNbDeclineWeekly" /></methods>
	  		</class>
	  	</classes>
	  </test>
	  <test name="[B2C Decline 801] New">
	  	<classes>
	  		<class name="automation.tests.sandpiper.mockson.b2c.experian.B2CDecline801PostBureauScoreIsTooLow">
	  			<methods><include name="testB2cNbDeclineWeekly" /></methods>
	  		</class>
	  	</classes>
	  </test>
	  <test name="[B2C Referral 109] New">
	  	<classes>
	  		<class name="automation.tests.sandpiper.mockson.b2c.providentdatawrapper.B2CReferred109Fraud">
	  			<methods><include name="B2CReferralWeekly" /></methods>
	  		</class>
	  	</classes>
	  </test>	  
	  <test name="[B2C Decline 901] FL">
	  	<classes>
	  		<class name="automation.tests.sandpiper.mockson.b2c.callvalidate.B2CReferred901VULPaidUpVulnerableCustomerAtLeast156DaysOld">
	  			<methods><include name="B2CWeekly" /></methods>
	  		</class>
	  	</classes>
	  </test>
	  <test name="[B2C Decline 111] New">
	  	<classes>
	  		<class name="automation.tests.sandpiper.mockson.b2c.other.B2CDecline111CustomerIncomeTooLow">
	  			<methods><include name="testB2cNbDeclineWeekly" /></methods>
	  		</class>
	  	</classes>
	  </test>	  
	  <test name="[B2C Referral 904] FL">
	  	<classes>
	  		<class name="automation.tests.sandpiper.mockson.b2c.callvalidate.B2CReferred904IncomeVerification">
	  			<methods><include name="testWeekly" /></methods>
	  		</class>
	  	</classes>
	  </test>
	  <test name="[B2C Decline 107] New / FL">
	  	<classes>
	  		<class name="automation.tests.sandpiper.mockson.b2c.other.B2CDecline107OfferServiceDecline">	  			
	  		</class>
	  	</classes>
	  </test>

	  <test name="[B2C Decline 107] Existing Max Concurrent Loans Reached - Source SC">
	  	<classes>
	  		<class name="automation.tests.allmockon.testsuite.b2c.declines.TestCase_11320_DeclineActiveCustomerMaxConcurrentLoanLimitReached">	  			
	  		</class>
	  	</classes>
	  </test>	  	
	  
	  <test name="[B2C Decline 107] Existing Frozen - Source SR">
	  	<classes>
	  		<class name="automation.tests.allmockon.testsuite.b2c.declines.TestCase_13848_DeclineABUDCustomerHasFrozenAgreement">	  			
	  		</class>
	  	</classes>
	  </test>	 
	  
	  <!--  from old B2C declines could be duplicates -->
	  
	  <test name="[Experian Decline] B2CDecline204WorstStatusLastSixMonths"><classes><class name="automation.tests.sandpiper.mockson.b2c.experian.B2CDecline204WorstStatusLastSixMonths"/></classes></test>
	  <!--<test name="[Experian Decline] B2CDecline205TimeSinceMostRecentCCJ"><classes><class name="automation.tests.sandpiper.mockson.b2c.experian.B2CDecline205TimeSinceMostRecentCCJ"/></classes></test>-->
	  <test name="[Experian Decline] B2CDecline208CreditSearchFailureFootPrintLeft"><classes><class name="automation.tests.sandpiper.mockson.b2c.experian.B2CDecline208CreditSearchFailureFootPrintLeft"/></classes></test>

</suite> 