<?xml version="1.0" encoding="UTF-8"?>
<!DOCTYPE suite SYSTEM "http://testng.org/testng-1.0.dtd">
<suite name="Suite" parallel="tests" thread-count="1">
	<listeners>
       	<listener class-name="automation.listeners.ScreenshotTestListener"/>       
       	 <listener class-name="automation.listeners.RetryListener" />  
		<listener class-name="automation.listeners.LoggingIdListener" />        
	</listeners>
	 <parameter name="browser" value="chrome" />

	  <test name="[B2B Decline 401] New">
	  	<classes>
	  		<class name="automation.tests.sandpiper.mockson.b2b.callvalidate.B2BDecline401BankEnhancedFailure"/>
	  	</classes>
	  </test>

	  <test name="[B2B Decline 403] FL">
	  	<classes>
	  		<class name="automation.tests.sandpiper.mockson.b2b.callvalidate.B2BDecline403BankAccountClosed"/>
	  	</classes>
	  </test>
	  
	  <test name="[B2B Decline 405 / 909] New">
	  	<classes>
	  		<class name="automation.tests.sandpiper.mockson.b2b.callvalidate.B2BDecline405Or909OfaAddrMismatchAndLowConf"/>
	  	</classes>
	  </test>
	  
	  <test name="[B2B Decline 406 / 910] FL">
	  	<classes>
	  		<class name="automation.tests.sandpiper.mockson.b2b.callvalidate.B2BDecline406Or910IndividualOfaNameMismatchAndLowConf"/>
	  	</classes>
	  </test>

	  <test name="[B2B Decline 407 / 908] New">
	  	<classes>
	  		<class name="automation.tests.sandpiper.mockson.b2b.callvalidate.B2BDecline407OFAGenericDecline"/>
	  	</classes>
	  </test>
	
	  <test name="[B2B Decline 702] FL">	
	  	<classes>
	  		<class name="automation.tests.sandpiper.mockson.b2b.callvalidate.B2BDecline702PepWarning"/>
	  	</classes>
	  </test>
	
	  <test name="[B2B Decline 703] New">
	  	<classes>
	  		<class name="automation.tests.sandpiper.mockson.b2b.callvalidate.B2BDecline703GoneAwayWarning"/>
	  	</classes>
	  </test>
	  
	  <test name="[B2B Decline 704] FL">
	  	<classes>
	  		<class name="automation.tests.sandpiper.mockson.b2b.callvalidate.B2BDecline704DeceasedWarning"/>
	  	</classes>
	  </test>
	  
	  <test name="[B2B Decline 705] New">
	  	<classes>
	  		<class name="automation.tests.sandpiper.mockson.b2b.callvalidate.B2BDecline705DobMismatch"/>
	  	</classes>
	  </test>
	  
	  <test name="[B2B Decline 706] FL">
	  	<classes>
	  		<class name="automation.tests.sandpiper.mockson.b2b.callvalidate.B2BDecline706AddressLinksWarning"/>
	  	</classes>
	  </test>
	  
	  <test name="[B2B Decline 707] New">
	  	<classes>
	  		<class name="automation.tests.sandpiper.mockson.b2b.callvalidate.B2BDecline707SdnWarning"/>
	  	</classes>
	  </test>
	  
	  <test name="[B2B Decline 708] FL">
	  	<classes>
	  		<class name="automation.tests.sandpiper.mockson.b2b.callvalidate.B2BDecline708GroDeceased"/>
	  	</classes>
	  </test>
	  
	  <test name="[B2B Decline 709] New">
	  	<classes>
	  		<class name="automation.tests.sandpiper.mockson.b2b.callvalidate.B2BDecline709HaloMatch"/>
	  	</classes>
	  </test>
	  
	  <test name="[B2B Decline 710] FL">
	  	<classes>
	  		<class name="automation.tests.sandpiper.mockson.b2b.callvalidate.B2BDecline710SanctionsWarning"/>
	  	</classes>
	  </test>
	  
	  <test name="[B2B Decline 711] New">
	  	<classes>
	  		<class name="automation.tests.sandpiper.mockson.b2b.callvalidate.B2BDecline711DirectorAtHome"/>
	  	</classes>
	  </test>	  	  	  	  	  	  	  	  
	  
	  <test name="[B2B Decline 720] FL">
	  	<classes>
	  		<class name="automation.tests.sandpiper.mockson.b2b.callvalidate.B2BDecline720ApplicantNotVerified"/>
	  	</classes>
	  </test>

	  <test name="[B2B Decline 721 / 907] New">
	  	<classes>
	  		<class name="automation.tests.sandpiper.mockson.b2b.callvalidate.B2BDecline721Or907IncorrectNumPrimaryChecks"/>
	  	</classes>
	  </test>

	  <test name="[B2B Decline 722] FL">
	  	<classes>
	  		<class name="automation.tests.sandpiper.mockson.b2b.callvalidate.B2BDecline722DobMismatch"/>
	  	</classes>
	  </test>

	  <test name="[B2B Decline 750] New">
	  	<classes>
	  		<class name="automation.tests.sandpiper.mockson.b2b.callvalidate.B2BDecline750OfaForename"/>
	  	</classes>
	  </test>
	  
	  <test name="[B2B Decline 751] FL">
	  	<classes>
	  		<class name="automation.tests.sandpiper.mockson.b2b.callvalidate.B2BDecline751OfaSurname"/>
	  	</classes>
	  </test>
	  
	  <test name="[B2B Decline 752] New">
	  	<classes>
	  		<class name="automation.tests.sandpiper.mockson.b2b.callvalidate.B2BDecline752OfaDifferentIndividual"/>
	  	</classes>
	  </test>
	  
	  <test name="[B2B Decline 201] New">
	  	<classes>
	  		<class name="automation.tests.sandpiper.mockson.b2b.experian.B2BDecline201DataRequestFailure"/>
	  	</classes>
	  </test>
	  
	  <test name="[B2B Decline 202] FL">
	  	<classes>
	  		<class name="automation.tests.sandpiper.mockson.b2b.experian.B2BDecline202Bankruptcy"/>
	  	</classes>
	  </test>
	  
	  <test name="[B2B Decline 203] New">
	  	<classes>
	  		<class name="automation.tests.sandpiper.mockson.b2b.experian.B2BDecline203IVADetected"/>
	  	</classes>
	  </test>
	  
	  <test name="[B2B Decline 204 Worst Current Status] FL">
	  	<classes>
	  		<class name="automation.tests.sandpiper.mockson.b2b.experian.B2BDecline204WorstCurrentStatus"/>
	  	</classes>
	  </test>	  	  	  	  	  	  	  	  	  	  

	  <!--<test name="[B2B Decline 204 Time Since Most Recent Default] FL">-->
	  	<!--<classes>-->
	  		<!--<class name="automation.tests.sandpiper.mockson.b2b.experian.B2BDecline204TimeSinceMostRecentDefault"/>-->
	  	<!--</classes>-->
	  <!--</test>	  	  	  	  	  	  	-->
	  
	  <test name="[B2B Decline 205] New">
	  	<classes>
	  		<class name="automation.tests.sandpiper.mockson.b2b.experian.B2BDecline205TimeSinceCCJ"/>
	  	</classes>
	  </test>	  	  	  	  	  	  	
	  
	  <!--<test name="[B2B Decline 207] FL">-->
	  	<!--<classes>-->
	  		<!--<class name="automation.tests.sandpiper.mockson.b2b.experian.B2BDecline207Dmp"/>-->
	  	<!--</classes>-->
	  <!--</test>	  	  	  	  	  	  	-->
	  
	  <!--<test name="[B2B Decline 801] New">-->
	  	<!--<classes>-->
	  		<!--<class name="automation.tests.sandpiper.mockson.b2b.experian.B2BDecline801ScoreTooLow"/>-->
	  	<!--</classes>-->
	  <!--</test>	  	  	  	  	  	  	-->
	  
	  <test name="[B2B Decline 109] New">
	  	<classes>
	  		<class name="automation.tests.sandpiper.mockson.b2b.providentdatawrapper.B2BDecline109Fraud"/>
	  	</classes>
	  </test>	  	  	  	  	  	  	
	  
	  <!-- not a referral or decline 
	  <test name="[B2B Decline 901] FL">
	  	<classes>
	  		<class name="automation.tests.sandpiper.mockson.b2b.other.B2BDecline901Vulnerable"/>
	  	</classes>
	  </test>	  	  	  	  	  	  	
	   -->
	  <test name="[B2B Decline 107] New / FL">
	  	<classes>
	  		<class name="automation.tests.sandpiper.mockson.b2b.other.B2BDecline107OfferService"/>
	  	</classes>
	  </test>	  	  	  	  	  	  		  	  	  	  	  	  
	  	
</suite> 