<?xml version="1.0" encoding="UTF-8"?>
<!DOCTYPE suite SYSTEM "http://testng.org/testng-1.0.dtd">
<suite name="Suite" parallel="tests" thread-count="4">
	<listeners>
       	<listener class-name="automation.listeners.ScreenshotTestListener"/>       
       	 <listener class-name="automation.listeners.RetryListener" />  
		<listener class-name="automation.listeners.LoggingIdListener" />        
	</listeners>
	 <parameter name="browser" value="chrome" />

	  <!--  accepts -->
 	  <test name="[Smartcheck Accept] New">
		<classes>
			<class name="automation.tests.smartcheck.SmartCheckAcceptHappyPath"/>
		</classes>
	  </test>
	 
	 <!-- At quote decline FLE no bureau -->
	  <test name="[Smartcheck Decline 107 Offer service] New">
		<classes>
			<class name="automation.tests.smartcheck.SmartCheckDecline107OfferService"/>
		</classes>
	  </test>
	  
	  <!--  At quote decline -->
	  
	  <test name="[Smartcheck Decline 202 Bankruptcy] New">
		<classes>
			<class name="automation.tests.smartcheck.SmartCheckDecline202Bankruptcy"/>
		</classes>
	  </test>	 
	  
	  <!-- At bank decline -->
	  
	  <test name="[Smartcheck Decline 403 AccountClosed] New">
		<classes>
			<class name="automation.tests.smartcheck.SmartCheckDecline403AccountClosed"/>
		</classes>
	  </test>	 
	  	 
</suite> 