<?xml version="1.0" encoding="UTF-8"?>
<!DOCTYPE suite SYSTEM "http://testng.org/testng-1.0.dtd">
<suite name="Suite" parallel="tests" thread-count="15">
	<listeners>
       	<listener class-name="automation.listeners.ScreenshotTestListener"/>       
       	 <listener class-name="automation.listeners.RetryListener" />  
		<listener class-name="automation.listeners.LoggingIdListener" />        
	</listeners>
	
	  <!-- B2C tests -->
	  <test name="[Standard B2C] TestCase_23559_AcceptNewCustomerRepricesTerm34Weeks"><classes><class name="automation.tests.allmockon.testsuite.b2c.accepts.TestCase_23559_AcceptNewCustomerRepricesTerm34Weeks"/></classes></test>
	  <!--  
      <test name="[Standard B2C] TestCase_23771_AcceptNewCustomerRepricesTerm52Weeks"><classes><class name="automation.tests.allmockon.testsuite.b2c.accepts.TestCase_23771_AcceptNewCustomerRepricesTerm52Weeks"/></classes></test>
      <test name="[Standard B2C] TestCase_23769_AcceptNewCustomerRepricesTerm43Weeks"><classes><class name="automation.tests.allmockon.testsuite.b2c.accepts.TestCase_23769_AcceptNewCustomerRepricesTerm43Weeks"/></classes></test>
      <test name="[Standard B2C] TestCase_23550_AcceptNewCustomerRepricesTerm21Weeks"><classes><class name="automation.tests.allmockon.testsuite.b2c.accepts.TestCase_23550_AcceptNewCustomerRepricesTerm21Weeks"/></classes></test>
      <test name="[Standard B2C] TestCase_23555_AcceptNewCustomerRepricesTerm26Weeks"><classes><class name="automation.tests.allmockon.testsuite.b2c.accepts.TestCase_23555_AcceptNewCustomerRepricesTerm26Weeks"/></classes></test>
      <test name="[Standard B2C] TestCase_23557_AcceptNewCustomerRepricesTerm30Weeks"><classes><class name="automation.tests.allmockon.testsuite.b2c.accepts.TestCase_23557_AcceptNewCustomerRepricesTerm30Weeks"/></classes></test>
      <test name="[Standard B2C] TestCase_23510_AcceptNewCustomerRepricesTerm13Weeks"><classes><class name="automation.tests.allmockon.testsuite.b2c.accepts.TestCase_23510_AcceptNewCustomerRepricesTerm13Weeks"/></classes></test>
      <test name="[Standard B2C] TestCase_23770_AcceptNewCustomerRepricesTerm47Weeks"><classes><class name="automation.tests.allmockon.testsuite.b2c.accepts.TestCase_23770_AcceptNewCustomerRepricesTerm47Weeks"/></classes></test>
      <test name="[Standard B2C] TestCase_23563_AcceptNewCustomerRepricesTerm39Weeks"><classes><class name="automation.tests.allmockon.testsuite.b2c.accepts.TestCase_23563_AcceptNewCustomerRepricesTerm39Weeks"/></classes></test>
      <test name="[Standard B2C] TestCase_23538_AcceptNewCustomerRepricesTerm17Weeks"><classes><class name="automation.tests.allmockon.testsuite.b2c.accepts.TestCase_23538_AcceptNewCustomerRepricesTerm17Weeks"/></classes></test>
            -->
      <test name="[Standard B2C] TestCase_23893_AcceptActiveCustomerRepricesTerm34Weeks"><classes><class name="automation.tests.allmockon.testsuite.b2c.accepts.TestCase_23893_AcceptActiveCustomerRepricesTerm34Weeks"/></classes></test>
      <!-- 
      <test name="[Standard B2C] TestCase_23892_AcceptActiveCustomerRepricesTerm30Weeks"><classes><class name="automation.tests.allmockon.testsuite.b2c.accepts.TestCase_23892_AcceptActiveCustomerRepricesTerm30Weeks"/></classes></test>
      <test name="[Standard B2C] TestCase_23897_AcceptActiveCustomerRepricesTerm43Weeks"><classes><class name="automation.tests.allmockon.testsuite.b2c.accepts.TestCase_23897_AcceptActiveCustomerRepricesTerm43Weeks"/></classes></test>      
      <test name="[Standard B2C] TestCase_23898_AcceptActiveCustomerRepricesTerm47Weeks"><classes><class name="automation.tests.allmockon.testsuite.b2c.accepts.TestCase_23898_AcceptActiveCustomerRepricesTerm47Weeks"/></classes></test>
      <test name="[Standard B2C] TestCase_23886_AcceptActiveCustomerRepricesTerm17Weeks"><classes><class name="automation.tests.allmockon.testsuite.b2c.accepts.TestCase_23886_AcceptActiveCustomerRepricesTerm17Weeks"/></classes></test>
      <test name="[Standard B2C] TestCase_23883_AcceptActiveCustomerRepricesTerm13Weeks"><classes><class name="automation.tests.allmockon.testsuite.b2c.accepts.TestCase_23883_AcceptActiveCustomerRepricesTerm13Weeks"/></classes></test>
      <test name="[Standard B2C] TestCase_23888_AcceptActiveCustomerRepricesTerm21Weeks"><classes><class name="automation.tests.allmockon.testsuite.b2c.accepts.TestCase_23888_AcceptActiveCustomerRepricesTerm21Weeks"/></classes></test>
      <test name="[Standard B2C] TestCase_23894_AcceptActiveCustomerRepricesTerm39Weeks"><classes><class name="automation.tests.allmockon.testsuite.b2c.accepts.TestCase_23894_AcceptActiveCustomerRepricesTerm39Weeks"/></classes></test>
      <test name="[Standard B2C] TestCase_23899_AcceptActiveCustomerRepricesTerm52Weeks"><classes><class name="automation.tests.allmockon.testsuite.b2c.accepts.TestCase_23899_AcceptActiveCustomerRepricesTerm52Weeks"/></classes></test>
      <test name="[Standard B2C] TestCase_23889_AcceptActiveCustomerRepricesTerm26Weeks"><classes><class name="automation.tests.allmockon.testsuite.b2c.accepts.TestCase_23889_AcceptActiveCustomerRepricesTerm26Weeks"/></classes></test>	        
       -->
      <test name="[Standard B2C] TestCase_23778_AcceptPaidupCustomerRepricesTerm13Weeks"><classes><class name="automation.tests.allmockon.testsuite.b2c.accepts.TestCase_23778_AcceptPaidupCustomerRepricesTerm13Weeks"/></classes></test>
                  
	  <test name="[Standard B2C] TestCase_11300_AcceptLVAExistingCustomerWantedMoreThanMax"><classes><class name="automation.tests.allmockon.testsuite.b2c.accepts.TestCase_11300_AcceptLVAExistingCustomerWantedMoreThanMax"/></classes></test>      
      <test name="[Standard B2C] TestCase_11303_AcceptCAUExistingCustomerNoAgreementEnteredPage1"><classes><class name="automation.tests.allmockon.testsuite.b2c.accepts.TestCase_11303_AcceptCAUExistingCustomerNoAgreementEnteredPage1"/></classes></test>      
      <test name="[Standard B2C] TestCase_23439_AcceptLVAActiveCustomerExposureExceeedBalance500"><classes><class name="automation.tests.allmockon.testsuite.b2c.accepts.TestCase_23439_AcceptLVAActiveCustomerExposureExceeedBalance500"/></classes></test>
      <test name="[Standard B2C] TestCase_13884_AcceptLVAExistingCustomerWithinLoanLimits"><classes><class name="automation.tests.allmockon.testsuite.b2c.accepts.TestCase_13884_AcceptLVAExistingCustomerWithinLoanLimits"/></classes></test>                
      <test name="[Standard B2C] TestCase_23440_AcceptLVAActiveCustomerExposureExceeedBalance1000"><classes><class name="automation.tests.allmockon.testsuite.b2c.accepts.TestCase_23440_AcceptLVAActiveCustomerExposureExceeedBalance1000"/></classes></test>
      <test name="[Standard B2C] TestCase_11330_AcceptNewCustomerLegalDocumentInvalidSignatureRetry"><classes><class name="automation.tests.allmockon.testsuite.b2c.accepts.TestCase_11330_AcceptNewCustomerLegalDocumentInvalidSignatureRetry"/></classes></test>      
      <test name="[Standard B2C] TestCase_11324_AcceptLVAExistingCustomerExposureExceeded"><classes><class name="automation.tests.allmockon.testsuite.b2c.accepts.TestCase_11324_AcceptLVAExistingCustomerExposureExceeded"/></classes></test>
      <test name="[Standard B2C] TestCase_11301_AcceptLVAExistingCustomerSaidTheyWereNew"><classes><class name="automation.tests.allmockon.testsuite.b2c.accepts.TestCase_11301_AcceptLVAExistingCustomerSaidTheyWereNew"/></classes></test>
      <test name="[Standard B2C] TestCase_11304_AcceptCAUExistingCustomerInvalidAgreementNoPage1"><classes><class name="automation.tests.allmockon.testsuite.b2c.accepts.TestCase_11304_AcceptCAUExistingCustomerInvalidAgreementNoPage1"/></classes></test>          
      <test name="[Standard B2C] TestCase_11299_AcceptLVANewCustomerSaidTheyWereExistingNotInLoanLimits"><classes><class name="automation.tests.allmockon.testsuite.b2c.accepts.TestCase_11299_AcceptLVANewCustomerSaidTheyWereExistingNotInLoanLimits"/></classes></test>    
      <test name="[Standard B2C] TestCase_24351_AcceptLVAExistingCustomerWantsLoanLimit"><classes><class name="automation.tests.allmockon.testsuite.b2c.accepts.TestCase_24351_AcceptLVAExistingCustomerWantsLoanLimit"/></classes></test>

      <!-- B2B tests -->
       
      <test name="[Standard B2B] TestCase_15655_AcceptHappyPath100Over13"><classes><class name="automation.tests.allmockon.testsuite.b2b.accepts.TestCase_15655_AcceptHappyPath100Over13"/></classes></test>
      <test name="[Standard B2B] TestCase_15656_AcceptHappyPath1000Over13"><classes><class name="automation.tests.allmockon.testsuite.b2b.accepts.TestCase_15656_AcceptHappyPath1000Over13"/></classes></test>
      <test name="[Standard B2B] TestCase_15657_AcceptHappyPath100Over26"><classes><class name="automation.tests.allmockon.testsuite.b2b.accepts.TestCase_15657_AcceptHappyPath100Over26"/></classes></test>
      
      <test name="[Standard B2B] TestCase_30708_PreDipFilterScoreModelArithmeticResultsExpectedValue"><classes><class name="automation.tests.allmockon.testsuite.b2b.accepts.TestCase_30708_PreDipFilterScoreModelArithmeticResultsExpectedValue"/></classes></test>
      <test name="[Standard B2B] TestCase_30710_PreDipFilterScoreModelScoreLessThanEqual20Decline"><classes><class name="automation.tests.allmockon.testsuite.b2b.accepts.TestCase_30710_PreDipFilterScoreModelScoreLessThanEqual20Decline"/></classes></test>
      <test name="[Standard B2B] TestCase_32355_ProcessBrokerLeadTermIsAdjustedAutomatically"><classes><class name="automation.tests.allmockon.testsuite.b2b.accepts.TestCase_32355_ProcessBrokerLeadTermIsAdjustedAutomatically"/></classes></test>      

		<!--  scoring changed in S12
	  <test name="[Standard B2B] TestCase_30722_XmlScoreModelArithmeticResultsExpectedValue"><classes><class name="automation.tests.allmockon.testsuite.b2b.accepts.TestCase_30722_XmlScoreModelArithmeticResultsExpectedValue"/></classes></test>                        
      <test name="[Standard B2B] TestCase_30723_XmlScoreLessThanThresholdIsAccepted"><classes><class name="automation.tests.allmockon.testsuite.b2b.accepts.TestCase_30723_XmlScoreLessThanThresholdIsAccepted"/></classes></test>
      -->
                        
      <!-- Login Tests Phase 1,2 & 3 -->
      <test name="[Login B2C] TestCase_28994_RegisterDuringApplicationWeb"><classes><class name="automation.tests.allmockon.login.loginandregistration.TestCase_28994_RegisterDuringApplicationWeb"/></classes></test>      
      <test name="[Login B2C] TestCase_28994_GroupASelfInitiatedRegistrationSoap"><classes><class name="automation.tests.allmockon.login.loginandregistration.TestCase_28994_GroupASelfInitiatedRegistrationSoap"/></classes></test>
	  <test name="[Login B2C] TestCase_32382_ApplyFL1ActiveLoanAnd1PaidAgreement"><classes><class name="automation.tests.allmockon.login.loginandregistration.TestCase_32382_ApplyFL1ActiveLoanAnd1PaidAgreement"/></classes></test>
      <test name="[Login B2C] TestCase_32439_EditBankDetailsPANForCustomerVerifyInFL"><classes><class name="automation.tests.allmockon.login.loginandregistration.TestCase_32439_EditBankDetailsPANForCustomerVerifyInFL"/></classes></test>
      <test name="[Login B2C] TestCase_32796_ApplyFLActiveCustomerDiffBankDetails"><classes><class name="automation.tests.allmockon.login.loginandregistration.TestCase_32796_ApplyFLActiveCustomerDiffBankDetails"/></classes></test>
      
      <!-- Outbound tests -->      
      <test name="[Outbound] TestCase_30830_Outbound_P1_AboutYourAccept"><classes><class name="automation.tests.outboundsales.TestCase_30830_Outbound_P1_AboutYourAccept"/></classes></test>
      <test name="[Outbound] TestCase_31590_Outbound_P2_RegisteredCustomerFL"><classes><class name="automation.tests.outboundsales.TestCase_31590_Outbound_P2_RegisteredCustomerFL"/></classes></test>      
      
      <!-- monthly -->
      <test name="[Monthly B2C] TestCase_MonthlyNewCustomer10Months">
      	<classes>
      		<class name="automation.tests.monthly.TestCase_MonthlyNewCustomer10Months">
      			<methods>
      				<include name="test_LoanAmount200" />
      			</methods>
      		</class>
      	</classes>
      </test>
      <!--<test name="[Monthly B2C] TestCase_MonthlyFL10Months">-->
      	<!--<classes>-->
      		<!--<class name="automation.tests.monthly.TestCase_MonthlyFL10Months">-->
      			<!--<methods>-->
      				<!--<include name="test_LoanAmount200" />-->
      			<!--</methods>-->
      		<!--</class>-->
      	<!--</classes>-->
      <!--</test>-->
      
      <!--  data mapping - TEST REMOVED NO LONGER VALID -->       
      <!-- <test name="[Data mapping] TestCase_19782_HappyPathDataValidation"><classes><class name="automation.tests.monthly.TestCase_19782_HappyPathDataValidation" /></classes></test>  -->
 
 	  <!--  declines and referrals -->
 	  
 	  
 
</suite> 