<?xml version="1.0" encoding="UTF-8"?>
<!DOCTYPE suite SYSTEM "http://testng.org/testng-1.0.dtd">
<suite name="Suite" parallel="tests" thread-count="10">
	<listeners>
		<listener class-name="automation.listeners.ScreenshotTestListener"/>
		<listener class-name="automation.listeners.RetryListener" />
		<listener class-name="automation.listeners.LoggingIdListener" />
	</listeners>

	<!-- B2B tests -->

	<test name="[Experian Decline] B2BDecline202Bankruptcy"><classes><class name="automation.tests.sandpiper.mockson.b2b.experian.B2BDecline202Bankruptcy"/></classes></test>
	<test name="[Experian Decline] B2BDecline203IVADetected"><classes><class name="automation.tests.sandpiper.mockson.b2b.experian.B2BDecline203IVADetected"/></classes></test>
	<test name="[CallCredit Decline] B2BDecline407OFAGenericDecline"><classes><class name="automation.tests.sandpiper.mockson.b2b.callvalidate.B2BDecline407OFAGenericDecline"/></classes></test>

	<!-- B2C tests -->
	<test name="[CallValidate Referral] B2CReferred702PaidUpVulnerableCustomerCallCreditPEPWarning"><classes><class name="automation.tests.sandpiper.mockson.b2c.callvalidate.B2CReferred702PaidUpVulnerableCustomerCallCreditPEPWarning">
		<methods><include name="testB2cNbReferralWeekly" /><include name="testB2cNbReferralMonthly" /></methods></class></classes></test>


	<test name="[Experian Decline] B2CDecline201LatestCreditSearchFailure"><classes><class name="automation.tests.sandpiper.mockson.b2c.experian.B2CDecline201LatestCreditSearchFailure">
		<methods><include name="testB2cNbDeclineWeekly" /><include name="testB2cNbDeclineMonthly" /></methods></class></classes></test>
	<test name="[Experian Decline] B2CDecline202Bankruptcy"><classes><class name="automation.tests.sandpiper.mockson.b2c.experian.B2CDecline202Bankruptcy">
		<methods><include name="testB2cNbDeclineWeekly" /><include name="testB2cNbDeclineMonthly" /></methods></class></classes></test>
	<test name="[Experian Decline] B2CDecline203IVADetected"><classes><class name="automation.tests.sandpiper.mockson.b2c.experian.B2CDecline203IVADetected">
		<methods><include name="testB2cNbDeclineWeekly" /><include name="testB2cNbDeclineMonthly" /></methods></class></classes></test>
	<test name="[Experian Decline] B2CDecline204WorstStatusLastSixMonths"><classes><class name="automation.tests.sandpiper.mockson.b2c.experian.B2CDecline204WorstStatusLastSixMonths">
		<methods><include name="testB2cNbDeclineWeekly" /><include name="testB2cNbDeclineMonthly" /></methods></class></classes></test>
	<!--<test name="[Experian Decline] B2CDecline205TimeSinceMostRecentCCJ"><classes><class name="automation.tests.sandpiper.mockson.b2c.experian.B2CDecline205TimeSinceMostRecentCCJ">-->
		<!--<methods><include name="testB2cNbDeclineWeekly" /><include name="testB2cNbDeclineMonthly" /></methods></class></classes></test>-->
	<test name="[Experian Decline] B2CDecline207DMP"><classes><class name="automation.tests.sandpiper.mockson.b2c.experian.B2CDecline207DMP">
		<methods><include name="testB2cNbDeclineWeekly" /><include name="testB2cNbDeclineMonthly" /></methods></class></classes></test>
	<test name="[Experian Decline] B2CDecline208CreditSearchFailureFootPrintLeft"><classes><class name="automation.tests.sandpiper.mockson.b2c.experian.B2CDecline208CreditSearchFailureFootPrintLeft">
		<methods><include name="testB2cNbDeclineWeekly" /><include name="testB2cNbDeclineMonthly" /></methods></class></classes></test>
	<test name="[Experian Decline] B2CDecline801PostBureauScoreIsTooLow"><classes><class name="automation.tests.sandpiper.mockson.b2c.experian.B2CDecline801PostBureauScoreIsTooLow">
		<methods><include name="testB2cNbDeclineWeekly" /><include name="testB2cNbDeclineMonthly" /></methods></class></classes></test>

	<test name="[CallValidate Decline] B2CDecline401BankEnhancedFailure"><classes><class name="automation.tests.sandpiper.mockson.b2c.callvalidate.B2CDecline401BankEnhancedFailure">
		<methods><include name="testB2cNbDeclineWeekly" /><include name="testB2cNbDeclineMonthly" /></methods></class></classes></test>
	<test name="[CallValidate Decline] B2CDecline403BankAccountClosed"><classes><class name="automation.tests.sandpiper.mockson.b2c.callvalidate.B2CDecline403BankAccountClosed">
		<methods><include name="testB2cNbDeclineWeekly" /><include name="testB2cNbDeclineMonthly" /></methods></class></classes></test>

	<test name="[Other Decline] B2CDecline111CustomerIncomeTooLow"><classes><class name="automation.tests.sandpiper.mockson.b2c.other.B2CDecline111CustomerIncomeTooLow">
		<methods><include name="testB2cNbDeclineWeekly" /><include name="testB2cNbDeclineMonthly" /></methods></class></classes></test>

	<test name="[Other Decline] B2CDecline107OfferServiceDecline"><classes><class name="automation.tests.sandpiper.mockson.b2c.other.B2CDecline107OfferServiceDecline">
		<methods><include name="testB2cNbDeclineWeekly" /><include name="testB2cNbDeclineMonthly" /><include name="testB2cNbDeclineWeeklyAboutYou" /><include name="testB2cNbDeclineMonthlyAboutYou" /></methods></class></classes></test>

	<test name="[CallValidate Decline] B2CDecline720ApplicantIsNotVerified"><classes><class name="automation.tests.sandpiper.mockson.b2c.callvalidate.B2CDecline720Referral906ApplicantIsNotVerified">
		<methods><include name="testB2cNbDeclineWeekly" /><include name="testB2cNbDeclineMonthly" /></methods></class></classes></test>


</suite>