<?xml version="1.0" encoding="UTF-8"?>
<!DOCTYPE suite SYSTEM "http://testng.org/testng-1.0.dtd">
<suite name="Suite" parallel="tests" thread-count="10">
	<listeners>
		<listener class-name="automation.listeners.ScreenshotTestListener" />
		<listener class-name="automation.listeners.RetryListener" />
		<listener class-name="automation.listeners.LoggingIdListener" />
	</listeners>
	<test name="[B2B Weekly] TestCase_15655_AcceptHappyPath100Over13">
		<classes>
			<class
				name="automation.tests.allmockon.testsuite.b2b.accepts.TestCase_15655_AcceptHappyPath100Over13" />
		</classes>
	</test>
	<test
		name="[B2C Active Customer Weekly] TestCase_33370_B2CCMAExistingCustomerHappyPath">
		<classes>
			<class
				name="automation.tests.cma.TestCase_33370_B2CCMAExistingCustomerHappyPath" />
		</classes>
	</test>
	<test
		name="[B2C New Customer Weekly] TestCase_33375_B2CCMANewCustomerHappyPath">
		<classes>
			<class
				name="automation.tests.cma.TestCase_33375_B2CCMANewCustomerHappyPath" />
		</classes>
	</test>
	<test
		name="[Login Active Customer Weekly] TestCase_33378_LoginFLActiveCMAHappyPath">
		<classes>
			<class name="automation.tests.cma.TestCase_33378_LoginFLActiveCMAHappyPath">
				<methods>
					<include name="test" />
				</methods>
			</class>
		</classes>
	</test>
	<test
		name="[Login Paid Up Customer Weekly] TestCase_33373_LoginFLPaidUpCMAHappyPath">
		<classes>
			<class name="automation.tests.cma.TestCase_33373_LoginFLPaidUpCMAHappyPath">
				<methods>
					<include name="test" />
				</methods>
			</class>
		</classes>
	</test>
	<test
		name="[Outbound Active Customer Weekly] TestCase_33393_OutboundCMAExistingCustomerHappyPath">
		<classes>
			<class
				name="automation.tests.cma.TestCase_33393_OutboundCMAExistingCustomerHappyPath" />
		</classes>
	</test>
	<test
		name="[Outbound New Customer Weekly] TestCase_33377_OutboundCMANewCustomerHappyPath">
		<classes>
			<class
				name="automation.tests.cma.TestCase_33377_OutboundCMANewCustomerHappyPath" />
		</classes>
	</test>
	<test name="[B2C Monthly] TestCase_MonthlyNewCustomer3Months">
		<classes>
			<class name="automation.tests.monthly.TestCase_MonthlyNewCustomer3Months">
				<methods>
					<include name="test_LoanAmount200" />
				</methods>
			</class>
		</classes>
	</test>
	<test name="Smartcheck Happy Path">
		<classes>
			<class name="automation.tests.smartcheck.SmartCheckAcceptHappyPath" />
		</classes>
	</test>
</suite> 